encoding,opcode,mnemonic,recognised,attributed_to,vendor_only,broad_mnemonic,broad_ext,active,n_events_deviating,lax_decode_of,verdict,recognised_zfh_incl,recognised_zfh_excl,zfh_only,reserved_rm,reserved_rm_zfh,arch_fault
0x0000602f,47,,False,,False,th.vamoaddw.v,xtheadzvamo,True,3,,undocumented_active,False,False,False,False,False,sigill
0x0000702f,47,,False,,False,th.vamoaddd.v,xtheadzvamo,True,3,,undocumented_active,False,False,False,False,False,sigill
0x0200100f,15,,False,,False,,,True,3,0x0000100f,undocumented_active,False,False,False,False,False,none
0x0200602f,47,,False,,False,th.vamoaddw.v,xtheadzvamo,True,3,,undocumented_active,False,False,False,False,False,sigill
0x0200702f,47,,False,,False,th.vamoaddd.v,xtheadzvamo,True,3,,undocumented_active,False,False,False,False,False,sigill
0x0400100f,15,,False,,False,,,True,3,0x0000100f,undocumented_active,False,False,False,False,False,none
0x0400602f,47,,False,,False,th.vamoaddw.v,xtheadzvamo,True,3,,undocumented_active,False,False,False,False,False,sigill
0x0400702f,47,,False,,False,th.vamoaddd.v,xtheadzvamo,True,3,,undocumented_active,False,False,False,False,False,sigill
0x0600100f,15,,False,,False,,,True,3,0x0000100f,undocumented_active,False,False,False,False,False,none
0x0600602f,47,,False,,False,th.vamoaddw.v,xtheadzvamo,True,3,,undocumented_active,False,False,False,False,False,sigill
0x0600702f,47,,False,,False,th.vamoaddd.v,xtheadzvamo,True,3,,undocumented_active,False,False,False,False,False,sigill
0x0800100f,15,,False,,False,,,True,3,0x0000100f,undocumented_active,False,False,False,False,False,none
0x0800400b,11,,False,,False,,,True,3,,undocumented_active,False,False,False,False,False,sigsegv
0x0800602f,47,,False,,False,th.vamoswapw.v,xtheadzvamo,True,3,,undocumented_active,False,False,False,False,False,sigill
0x0800702f,47,,False,,False,th.vamoswapd.v,xtheadzvamo,True,3,,undocumented_active,False,False,False,False,False,sigill
0x0a00100f,15,,False,,False,,,True,3,0x0000100f,undocumented_active,False,False,False,False,False,none
0x0a00400b,11,,False,,False,,,True,3,,undocumented_active,False,False,False,False,False,sigsegv
0x0a00602f,47,,False,,False,th.vamoswapw.v,xtheadzvamo,True,3,,undocumented_active,False,False,False,False,False,sigill
0x0a00702f,47,,False,,False,th.vamoswapd.v,xtheadzvamo,True,3,,undocumented_active,False,False,False,False,False,sigill
0x0c00100f,15,,False,,False,,,True,3,0x0000100f,undocumented_active,False,False,False,False,False,none
0x0c00400b,11,,False,,False,,,True,3,,undocumented_active,False,False,False,False,False,sigsegv
0x0c00602f,47,,False,,False,th.vamoswapw.v,xtheadzvamo,True,3,,undocumented_active,False,False,False,False,False,sigill
0x0c00702f,47,,False,,False,th.vamoswapd.v,xtheadzvamo,True,3,,undocumented_active,False,False,False,False,False,sigill
0x0e00100f,15,,False,,False,,,True,3,0x0000100f,undocumented_active,False,False,False,False,False,none
0x0e00400b,11,,False,,False,,,True,3,,undocumented_active,False,False,False,False,False,sigsegv
0x0e00602f,47,,False,,False,th.vamoswapw.v,xtheadzvamo,True,3,,undocumented_active,False,False,False,False,False,sigill
0x0e00702f,47,,False,,False,th.vamoswapd.v,xtheadzvamo,True,3,,undocumented_active,False,False,False,False,False,sigill
0x1000000f,15,,False,,False,,,True,3,0x0000000f,undocumented_active,False,False,False,False,False,none
0x10000027,39,,False,,False,,,True,2,,undocumented_active,False,False,False,False,False,none
0x1000100f,15,,False,,False,,,True,3,0x0000100f,undocumented_active,False,False,False,False,False,none
0x10007027,39,,False,,False,,,True,2,,undocumented_active,False,False,False,False,False,none
0x1200000f,15,,False,,False,,,True,3,0x0000000f,undocumented_active,False,False,False,False,False,none
0x12000027,39,,False,,False,,,True,2,,undocumented_active,False,False,False,False,False,none
0x1200100f,15,,False,,False,,,True,3,0x0000100f,undocumented_active,False,False,False,False,False,none
0x12007027,39,,False,,False,,,True,2,,undocumented_active,False,False,False,False,False,none
0x1400000f,15,,False,,False,,,True,3,0x0000000f,undocumented_active,False,False,False,False,False,none
0x1400100f,15,,False,,False,,,True,3,0x0000100f,undocumented_active,False,False,False,False,False,none
0x1600000f,15,,False,,False,,,True,3,0x0000000f,undocumented_active,False,False,False,False,False,none
0x1600100f,15,,False,,False,,,True,3,0x0000100f,undocumented_active,False,False,False,False,False,none
0x1800000f,15,,False,,False,,,True,3,0x0000000f,undocumented_active,False,False,False,False,False,none
0x18000027,39,,False,,False,,,True,5,,undocumented_active,False,False,False,False,False,none
0x1800100f,15,,False,,False,,,True,3,0x0000100f,undocumented_active,False,False,False,False,False,none
0x1800400b,11,,False,,False,,,True,3,,undocumented_active,False,False,False,False,False,sigsegv
0x18005027,39,,False,,False,,,True,1,,undocumented_active,False,False,False,False,False,sigill
0x18006027,39,,False,,False,,,True,1,,undocumented_active,False,False,False,False,False,sigill
0x18007007,7,,False,,False,,,True,1,,undocumented_active,False,False,False,False,False,sigill
0x18007027,39,,False,,False,,,True,5,,undocumented_active,False,False,False,False,False,none
0x1a00000f,15,,False,,False,,,True,3,0x0000000f,undocumented_active,False,False,False,False,False,none
0x1a000027,39,,False,,False,,,True,5,,undocumented_active,False,False,False,False,False,none
0x1a00100f,15,,False,,False,,,True,3,0x0000100f,undocumented_active,False,False,False,False,False,none
0x1a00400b,11,,False,,False,,,True,3,,undocumented_active,False,False,False,False,False,sigsegv
0x1a005027,39,,False,,False,,,True,1,,undocumented_active,False,False,False,False,False,sigill
0x1a006027,39,,False,,False,,,True,1,,undocumented_active,False,False,False,False,False,sigill
0x1a007007,7,,False,,False,,,True,1,,undocumented_active,False,False,False,False,False,sigill
0x1a007027,39,,False,,False,,,True,5,,undocumented_active,False,False,False,False,False,none
0x1c00000f,15,,False,,False,,,True,3,0x0000000f,undocumented_active,False,False,False,False,False,none
0x1c00100f,15,,False,,False,,,True,3,0x0000100f,undocumented_active,False,False,False,False,False,none
0x1c00400b,11,,False,,False,,,True,3,,undocumented_active,False,False,False,False,False,sigsegv
0x1c007007,7,,False,,False,,,True,3,,undocumented_active,False,False,False,False,False,sigill
0x1e00000f,15,,False,,False,,,True,3,0x0000000f,undocumented_active,False,False,False,False,False,none
0x1e00100f,15,,False,,False,,,True,3,0x0000100f,undocumented_active,False,False,False,False,False,none
0x1e00400b,11,,False,,False,,,True,3,,undocumented_active,False,False,False,False,False,sigsegv
0x1e007007,7,,False,,False,,,True,3,,undocumented_active,False,False,False,False,False,sigill
0x2000000f,15,,False,,False,,,True,3,0x0000000f,undocumented_active,False,False,False,False,False,none
0x2000100f,15,,False,,False,,,True,3,0x0000100f,undocumented_active,False,False,False,False,False,none
0x2000602f,47,,False,,False,th.vamoxorw.v,xtheadzvamo,True,3,,undocumented_active,False,False,False,False,False,sigill
0x2000702f,47,,False,,False,th.vamoxord.v,xtheadzvamo,True,3,,undocumented_active,False,False,False,False,False,sigill
0x2200000f,15,,False,,False,,,True,3,0x0000000f,undocumented_active,False,False,False,False,False,none
0x2200100f,15,,False,,False,,,True,3,0x0000100f,undocumented_active,False,False,False,False,False,none
0x2200602f,47,,False,,False,th.vamoxorw.v,xtheadzvamo,True,3,,undocumented_active,False,False,False,False,False,sigill
0x2200702f,47,,False,,False,th.vamoxord.v,xtheadzvamo,True,3,,undocumented_active,False,False,False,False,False,sigill
0x2400000f,15,,False,,False,,,True,3,0x0000000f,undocumented_active,False,False,False,False,False,none
0x2400100f,15,,False,,False,,,True,3,0x0000100f,undocumented_active,False,False,False,False,False,none
0x2400602f,47,,False,,False,th.vamoxorw.v,xtheadzvamo,True,3,,undocumented_active,False,False,False,False,False,sigill
0x2400702f,47,,False,,False,th.vamoxord.v,xtheadzvamo,True,3,,undocumented_active,False,False,False,False,False,sigill
0x2600000f,15,,False,,False,,,True,3,0x0000000f,undocumented_active,False,False,False,False,False,none
0x2600100f,15,,False,,False,,,True,3,0x0000100f,undocumented_active,False,False,False,False,False,none
0x2600602f,47,,False,,False,th.vamoxorw.v,xtheadzvamo,True,3,,undocumented_active,False,False,False,False,False,sigill
0x2600702f,47,,False,,False,th.vamoxord.v,xtheadzvamo,True,3,,undocumented_active,False,False,False,False,False,sigill
0x2800000f,15,,False,,False,,,True,3,0x0000000f,undocumented_active,False,False,False,False,False,none
0x2800100f,15,,False,,False,,,True,3,0x0000100f,undocumented_active,False,False,False,False,False,none
0x2800400b,11,,False,,False,,,True,3,,undocumented_active,False,False,False,False,False,sigsegv
0x2a00000f,15,,False,,False,,,True,3,0x0000000f,undocumented_active,False,False,False,False,False,none
0x2a00100f,15,,False,,False,,,True,3,0x0000100f,undocumented_active,False,False,False,False,False,none
0x2a00400b,11,,False,,False,,,True,3,,undocumented_active,False,False,False,False,False,sigsegv
0x2c00000f,15,,False,,False,,,True,3,0x0000000f,undocumented_active,False,False,False,False,False,none
0x2c00100f,15,,False,,False,,,True,3,0x0000100f,undocumented_active,False,False,False,False,False,none
0x2c00400b,11,,False,,False,,,True,3,,undocumented_active,False,False,False,False,False,sigsegv
0x2e00000f,15,,False,,False,,,True,3,0x0000000f,undocumented_active,False,False,False,False,False,none
0x2e00100f,15,,False,,False,,,True,3,0x0000100f,undocumented_active,False,False,False,False,False,none
0x2e00400b,11,,False,,False,,,True,3,,undocumented_active,False,False,False,False,False,sigsegv
0x3000000f,15,,False,,False,,,True,3,0x0000000f,undocumented_active,False,False,False,False,False,none
0x30000027,39,,False,,False,,,True,7,,undocumented_active,False,False,False,False,False,sigill
0x3000100f,15,,False,,False,,,True,3,0x0000100f,undocumented_active,False,False,False,False,False,none
0x30005027,39,,False,,False,,,True,1,,undocumented_active,False,False,False,False,False,sigill
0x30006027,39,,False,,False,,,True,1,,undocumented_active,False,False,False,False,False,sigill
0x30007007,7,,False,,False,,,True,1,,undocumented_active,False,False,False,False,False,sigill
0x30007027,39,,False,,False,,,True,7,,undocumented_active,False,False,False,False,False,sigill
0x3200000f,15,,False,,False,,,True,3,0x0000000f,undocumented_active,False,False,False,False,False,none
0x32000027,39,,False,,False,,,True,7,,undocumented_active,False,False,False,False,False,sigill
0x3200100f,15,,False,,False,,,True,3,0x0000100f,undocumented_active,False,False,False,False,False,none
0x32005027,39,,False,,False,,,True,1,,undocumented_active,False,False,False,False,False,sigill
0x32006027,39,,False,,False,,,True,1,,undocumented_active,False,False,False,False,False,sigill
0x32007007,7,,False,,False,,,True,1,,undocumented_active,False,False,False,False,False,sigill
0x32007027,39,,False,,False,,,True,7,,undocumented_active,False,False,False,False,False,sigill
0x3400000f,15,,False,,False,,,True,3,0x0000000f,undocumented_active,False,False,False,False,False,none
0x3400100f,15,,False,,False,,,True,3,0x0000100f,undocumented_active,False,False,False,False,False,none
0x3600000f,15,,False,,False,,,True,3,0x0000000f,undocumented_active,False,False,False,False,False,none
0x3600100f,15,,False,,False,,,True,3,0x0000100f,undocumented_active,False,False,False,False,False,none
0x3800000f,15,,False,,False,,,True,3,0x0000000f,undocumented_active,False,False,False,False,False,none
0x38000027,39,,False,,False,,,True,7,,undocumented_active,False,False,False,False,False,sigill
0x3800100f,15,,False,,False,,,True,3,0x0000100f,undocumented_active,False,False,False,False,False,none
0x3800400b,11,,False,,False,,,True,3,,undocumented_active,False,False,False,False,False,sigsegv
0x38005027,39,,False,,False,,,True,3,,undocumented_active,False,False,False,False,False,sigill
0x38006027,39,,False,,False,,,True,3,,undocumented_active,False,False,False,False,False,sigill
0x38007007,7,,False,,False,,,True,3,,undocumented_active,False,False,False,False,False,sigill
0x38007027,39,,False,,False,,,True,7,,undocumented_active,False,False,False,False,False,sigill
0x3a00000f,15,,False,,False,,,True,3,0x0000000f,undocumented_active,False,False,False,False,False,none
0x3a000027,39,,False,,False,,,True,7,,undocumented_active,False,False,False,False,False,sigill
0x3a00100f,15,,False,,False,,,True,3,0x0000100f,undocumented_active,False,False,False,False,False,none
0x3a00400b,11,,False,,False,,,True,3,,undocumented_active,False,False,False,False,False,sigsegv
0x3a005027,39,,False,,False,,,True,3,,undocumented_active,False,False,False,False,False,sigill
0x3a006027,39,,False,,False,,,True,3,,undocumented_active,False,False,False,False,False,sigill
0x3a007007,7,,False,,False,,,True,3,,undocumented_active,False,False,False,False,False,sigill
0x3a007027,39,,False,,False,,,True,7,,undocumented_active,False,False,False,False,False,sigill
0x3c00000f,15,,False,,False,,,True,3,0x0000000f,undocumented_active,False,False,False,False,False,none
0x3c000027,39,,False,,False,,,True,6,,undocumented_active,False,False,False,False,False,sigill
0x3c00100f,15,,False,,False,,,True,3,0x0000100f,undocumented_active,False,False,False,False,False,none
0x3c00400b,11,,False,,False,,,True,3,,undocumented_active,False,False,False,False,False,sigsegv
0x3c005027,39,,False,,False,,,True,3,,undocumented_active,False,False,False,False,False,sigill
0x3c006027,39,,False,,False,,,True,3,,undocumented_active,False,False,False,False,False,sigill
0x3c007007,7,,False,,False,,,True,3,,undocumented_active,False,False,False,False,False,sigill
0x3c007027,39,,False,,False,,,True,6,,undocumented_active,False,False,False,False,False,sigill
0x3e00000f,15,,False,,False,,,True,3,0x0000000f,undocumented_active,False,False,False,False,False,none
0x3e000027,39,,False,,False,,,True,6,,undocumented_active,False,False,False,False,False,sigill
0x3e00100f,15,,False,,False,,,True,3,0x0000100f,undocumented_active,False,False,False,False,False,none
0x3e00400b,11,,False,,False,,,True,3,,undocumented_active,False,False,False,False,False,sigsegv
0x3e005027,39,,False,,False,,,True,3,,undocumented_active,False,False,False,False,False,sigill
0x3e006027,39,,False,,False,,,True,3,,undocumented_active,False,False,False,False,False,sigill
0x3e007007,7,,False,,False,,,True,3,,undocumented_active,False,False,False,False,False,sigill
0x3e007027,39,,False,,False,,,True,6,,undocumented_active,False,False,False,False,False,sigill
0x4000000f,15,,False,,False,,,True,3,0x0000000f,undocumented_active,False,False,False,False,False,none
0x4000100f,15,,False,,False,,,True,3,0x0000100f,undocumented_active,False,False,False,False,False,none
0x4000602f,47,,False,,False,th.vamoorw.v,xtheadzvamo,True,3,,undocumented_active,False,False,False,False,False,sigill
0x4000702f,47,,False,,False,th.vamoord.v,xtheadzvamo,True,3,,undocumented_active,False,False,False,False,False,sigill
0x4200000f,15,,False,,False,,,True,3,0x0000000f,undocumented_active,False,False,False,False,False,none
0x4200100f,15,,False,,False,,,True,3,0x0000100f,undocumented_active,False,False,False,False,False,none
0x42001053,83,,False,,False,,,True,1,,undocumented_active,False,False,False,False,False,none
0x42002053,83,,False,,False,,,True,1,,undocumented_active,False,False,False,False,False,none
0x42003053,83,,False,,False,,,True,1,,undocumented_active,False,False,False,False,False,none
0x42004053,83,,False,,False,,,True,1,,undocumented_active,False,False,False,False,False,none
0x4200602f,47,,False,,False,th.vamoorw.v,xtheadzvamo,True,3,,undocumented_active,False,False,False,False,False,sigill
0x4200702f,47,,False,,False,th.vamoord.v,xtheadzvamo,True,3,,undocumented_active,False,False,False,False,False,sigill
0x42007053,83,,False,,False,,,True,1,,undocumented_active,False,False,False,False,False,none
0x4400000f,15,,False,,False,,,True,3,0x0000000f,undocumented_active,False,False,False,False,False,none
0x4400100f,15,,False,,False,,,True,3,0x0000100f,undocumented_active,False,False,False,False,False,none
0x4400602f,47,,False,,False,th.vamoorw.v,xtheadzvamo,True,3,,undocumented_active,False,False,False,False,False,sigill
0x4400702f,47,,False,,False,th.vamoord.v,xtheadzvamo,True,3,,undocumented_active,False,False,False,False,False,sigill
0x4600000f,15,,False,,False,,,True,3,0x0000000f,undocumented_active,False,False,False,False,False,none
0x4600100f,15,,False,,False,,,True,3,0x0000100f,undocumented_active,False,False,False,False,False,none
0x4600602f,47,,False,,False,th.vamoorw.v,xtheadzvamo,True,3,,undocumented_active,False,False,False,False,False,sigill
0x4600702f,47,,False,,False,th.vamoord.v,xtheadzvamo,True,3,,undocumented_active,False,False,False,False,False,sigill
0x4800000f,15,,False,,False,,,True,3,0x0000000f,undocumented_active,False,False,False,False,False,none
0x4800100f,15,,False,,False,,,True,3,0x0000100f,undocumented_active,False,False,False,False,False,none
0x4800400b,11,,False,,False,,,True,3,,undocumented_active,False,False,False,False,False,sigsegv
0x4a00000f,15,,False,,False,,,True,3,0x0000000f,undocumented_active,False,False,False,False,False,none
0x4a00100f,15,,False,,False,,,True,3,0x0000100f,undocumented_active,False,False,False,False,False,none
0x4a00400b,11,,False,,False,,,True,3,,undocumented_active,False,False,False,False,False,sigsegv
0x4c00000f,15,,False,,False,,,True,3,0x0000000f,undocumented_active,False,False,False,False,False,none
0x4c00100f,15,,False,,False,,,True,3,0x0000100f,undocumented_active,False,False,False,False,False,none
0x4c00400b,11,,False,,False,,,True,3,,undocumented_active,False,False,False,False,False,sigsegv
0x4e00000f,15,,False,,False,,,True,3,0x0000000f,undocumented_active,False,False,False,False,False,none
0x4e00100f,15,,False,,False,,,True,3,0x0000100f,undocumented_active,False,False,False,False,False,none
0x4e00400b,11,,False,,False,,,True,3,,undocumented_active,False,False,False,False,False,sigsegv
0x5000000f,15,,False,,False,,,True,3,0x0000000f,undocumented_active,False,False,False,False,False,none
0x50000027,39,,False,,False,,,True,7,,undocumented_active,False,False,False,False,False,sigill
0x5000100f,15,,False,,False,,,True,3,0x0000100f,undocumented_active,False,False,False,False,False,none
0x50005027,39,,False,,False,,,True,3,,undocumented_active,False,False,False,False,False,sigill
0x50006027,39,,False,,False,,,True,3,,undocumented_active,False,False,False,False,False,sigill
0x50007007,7,,False,,False,,,True,3,,undocumented_active,False,False,False,False,False,sigill
0x50007027,39,,False,,False,,,True,7,,undocumented_active,False,False,False,False,False,sigill
0x5200000f,15,,False,,False,,,True,3,0x0000000f,undocumented_active,False,False,False,False,False,none
0x52000027,39,,False,,False,,,True,7,,undocumented_active,False,False,False,False,False,sigill
0x5200100f,15,,False,,False,,,True,3,0x0000100f,undocumented_active,False,False,False,False,False,none
0x52005027,39,,False,,False,,,True,3,,undocumented_active,False,False,False,False,False,sigill
0x52006027,39,,False,,False,,,True,3,,undocumented_active,False,False,False,False,False,sigill
0x52007007,7,,False,,False,,,True,3,,undocumented_active,False,False,False,False,False,sigill
0x52007027,39,,False,,False,,,True,7,,undocumented_active,False,False,False,False,False,sigill
0x5400000f,15,,False,,False,,,True,3,0x0000000f,undocumented_active,False,False,False,False,False,none
0x5400100f,15,,False,,False,,,True,3,0x0000100f,undocumented_active,False,False,False,False,False,none
0x5600000f,15,,False,,False,,,True,3,0x0000000f,undocumented_active,False,False,False,False,False,none
0x5600100f,15,,False,,False,,,True,3,0x0000100f,undocumented_active,False,False,False,False,False,none
0x5800000f,15,,False,,False,,,True,3,0x0000000f,undocumented_active,False,False,False,False,False,none
0x58000027,39,,False,,False,,,True,7,,undocumented_active,False,False,False,False,False,sigill
0x5800100f,15,,False,,False,,,True,3,0x0000100f,undocumented_active,False,False,False,False,False,none
0x5800400b,11,,False,,False,,,True,3,,undocumented_active,False,False,False,False,False,sigsegv
0x58005027,39,,False,,False,,,True,3,,undocumented_active,False,False,False,False,False,sigill
0x58006027,39,,False,,False,,,True,3,,undocumented_active,False,False,False,False,False,sigill
0x58007007,7,,False,,False,,,True,3,,undocumented_active,False,False,False,False,False,sigill
0x58007027,39,,False,,False,,,True,7,,undocumented_active,False,False,False,False,False,sigill
0x5a00000f,15,,False,,False,,,True,3,0x0000000f,undocumented_active,False,False,False,False,False,none
0x5a000027,39,,False,,False,,,True,7,,undocumented_active,False,False,False,False,False,sigill
0x5a00100f,15,,False,,False,,,True,3,0x0000100f,undocumented_active,False,False,False,False,False,none
0x5a00400b,11,,False,,False,,,True,3,,undocumented_active,False,False,False,False,False,sigsegv
0x5a005027,39,,False,,False,,,True,3,,undocumented_active,False,False,False,False,False,sigill
0x5a006027,39,,False,,False,,,True,3,,undocumented_active,False,False,False,False,False,sigill
0x5a007007,7,,False,,False,,,True,3,,undocumented_active,False,False,False,False,False,sigill
0x5a007027,39,,False,,False,,,True,7,,undocumented_active,False,False,False,False,False,sigill
0x5c00000f,15,,False,,False,,,True,3,0x0000000f,undocumented_active,False,False,False,False,False,none
0x5c000027,39,,False,,False,,,True,6,,undocumented_active,False,False,False,False,False,sigill
0x5c00100f,15,,False,,False,,,True,3,0x0000100f,undocumented_active,False,False,False,False,False,none
0x5c00400b,11,,False,,False,,,True,3,,undocumented_active,False,False,False,False,False,sigsegv
0x5c005027,39,,False,,False,,,True,3,,undocumented_active,False,False,False,False,False,sigill
0x5c006027,39,,False,,False,,,True,3,,undocumented_active,False,False,False,False,False,sigill
0x5c007007,7,,False,,False,,,True,3,,undocumented_active,False,False,False,False,False,sigill
0x5c007027,39,,False,,False,,,True,6,,undocumented_active,False,False,False,False,False,sigill
0x5e00000f,15,,False,,False,,,True,3,0x0000000f,undocumented_active,False,False,False,False,False,none
0x5e000027,39,,False,,False,,,True,6,,undocumented_active,False,False,False,False,False,sigill
0x5e00100f,15,,False,,False,,,True,3,0x0000100f,undocumented_active,False,False,False,False,False,none
0x5e00400b,11,,False,,False,,,True,3,,undocumented_active,False,False,False,False,False,sigsegv
0x5e005027,39,,False,,False,,,True,3,,undocumented_active,False,False,False,False,False,sigill
0x5e006027,39,,False,,False,,,True,3,,undocumented_active,False,False,False,False,False,sigill
0x5e007007,7,,False,,False,,,True,3,,undocumented_active,False,False,False,False,False,sigill
0x5e007027,39,,False,,False,,,True,6,,undocumented_active,False,False,False,False,False,sigill
0x6000000f,15,,False,,False,,,True,3,0x0000000f,undocumented_active,False,False,False,False,False,none
0x6000100f,15,,False,,False,,,True,3,0x0000100f,undocumented_active,False,False,False,False,False,none
0x6000602f,47,,False,,False,th.vamoandw.v,xtheadzvamo,True,3,,undocumented_active,False,False,False,False,False,sigill
0x6000702f,47,,False,,False,th.vamoandd.v,xtheadzvamo,True,3,,undocumented_active,False,False,False,False,False,sigill
0x6200000f,15,,False,,False,,,True,3,0x0000000f,undocumented_active,False,False,False,False,False,none
0x6200100f,15,,False,,False,,,True,3,0x0000100f,undocumented_active,False,False,False,False,False,none
0x6200602f,47,,False,,False,th.vamoandw.v,xtheadzvamo,True,3,,undocumented_active,False,False,False,False,False,sigill
0x6200702f,47,,False,,False,th.vamoandd.v,xtheadzvamo,True,3,,undocumented_active,False,False,False,False,False,sigill
0x6400000f,15,,False,,False,,,True,3,0x0000000f,undocumented_active,False,False,False,False,False,none
0x6400100f,15,,False,,False,,,True,3,0x0000100f,undocumented_active,False,False,False,False,False,none
0x6400602f,47,,False,,False,th.vamoandw.v,xtheadzvamo,True,3,,undocumented_active,False,False,False,False,False,sigill
0x6400702f,47,,False,,False,th.vamoandd.v,xtheadzvamo,True,3,,undocumented_active,False,False,False,False,False,sigill
0x6600000f,15,,False,,False,,,True,3,0x0000000f,undocumented_active,False,False,False,False,False,none
0x6600100f,15,,False,,False,,,True,3,0x0000100f,undocumented_active,False,False,False,False,False,none
0x6600602f,47,,False,,False,th.vamoandw.v,xtheadzvamo,True,3,,undocumented_active,False,False,False,False,False,sigill
0x6600702f,47,,False,,False,th.vamoandd.v,xtheadzvamo,True,3,,undocumented_active,False,False,False,False,False,sigill
0x6800000f,15,,False,,False,,,True,3,0x0000000f,undocumented_active,False,False,False,False,False,none
0x6800100f,15,,False,,False,,,True,3,0x0000100f,undocumented_active,False,False,False,False,False,none
0x6800400b,11,,False,,False,,,True,3,,undocumented_active,False,False,False,False,False,sigsegv
0x6a00000f,15,,False,,False,,,True,3,0x0000000f,undocumented_active,False,False,False,False,False,none
0x6a00100f,15,,False,,False,,,True,3,0x0000100f,undocumented_active,False,False,False,False,False,none
0x6a00400b,11,,False,,False,,,True,3,,undocumented_active,False,False,False,False,False,sigsegv
0x6c00000f,15,,False,,False,,,True,3,0x0000000f,undocumented_active,False,False,False,False,False,none
0x6c00100f,15,,False,,False,,,True,3,0x0000100f,undocumented_active,False,False,False,False,False,none
0x6c00400b,11,,False,,False,,,True,3,,undocumented_active,False,False,False,False,False,sigsegv
0x6e00000f,15,,False,,False,,,True,3,0x0000000f,undocumented_active,False,False,False,False,False,none
0x6e00100f,15,,False,,False,,,True,3,0x0000100f,undocumented_active,False,False,False,False,False,none
0x6e00400b,11,,False,,False,,,True,3,,undocumented_active,False,False,False,False,False,sigsegv
0x7000000f,15,,False,,False,,,True,3,0x0000000f,undocumented_active,False,False,False,False,False,none
0x70000027,39,,False,,False,,,True,7,,undocumented_active,False,False,False,False,False,sigill
0x7000100f,15,,False,,False,,,True,3,0x0000100f,undocumented_active,False,False,False,False,False,none
0x70005027,39,,False,,False,,,True,3,,undocumented_active,False,False,False,False,False,sigill
0x70006027,39,,False,,False,,,True,3,,undocumented_active,False,False,False,False,False,sigill
0x70007007,7,,False,,False,,,True,3,,undocumented_active,False,False,False,False,False,sigill
0x70007027,39,,False,,False,,,True,7,,undocumented_active,False,False,False,False,False,sigill
0x7200000f,15,,False,,False,,,True,3,0x0000000f,undocumented_active,False,False,False,False,False,none
0x72000027,39,,False,,False,,,True,7,,undocumented_active,False,False,False,False,False,sigill
0x7200100f,15,,False,,False,,,True,3,0x0000100f,undocumented_active,False,False,False,False,False,none
0x72005027,39,,False,,False,,,True,3,,undocumented_active,False,False,False,False,False,sigill
0x72006027,39,,False,,False,,,True,3,,undocumented_active,False,False,False,False,False,sigill
0x72007007,7,,False,,False,,,True,3,,undocumented_active,False,False,False,False,False,sigill
0x72007027,39,,False,,False,,,True,7,,undocumented_active,False,False,False,False,False,sigill
0x7400000f,15,,False,,False,,,True,3,0x0000000f,undocumented_active,False,False,False,False,False,none
0x7400100f,15,,False,,False,,,True,3,0x0000100f,undocumented_active,False,False,False,False,False,none
0x7600000f,15,,False,,False,,,True,3,0x0000000f,undocumented_active,False,False,False,False,False,none
0x7600100f,15,,False,,False,,,True,3,0x0000100f,undocumented_active,False,False,False,False,False,none
0x7800000f,15,,False,,False,,,True,3,0x0000000f,undocumented_active,False,False,False,False,False,none
0x78000027,39,,False,,False,,,True,7,,undocumented_active,False,False,False,False,False,sigill
0x7800100f,15,,False,,False,,,True,3,0x0000100f,undocumented_active,False,False,False,False,False,none
0x7800400b,11,,False,,False,,,True,3,,undocumented_active,False,False,False,False,False,sigsegv
0x78005027,39,,False,,False,,,True,3,,undocumented_active,False,False,False,False,False,sigill
0x78006027,39,,False,,False,,,True,3,,undocumented_active,False,False,False,False,False,sigill
0x78007007,7,,False,,False,,,True,3,,undocumented_active,False,False,False,False,False,sigill
0x78007027,39,,False,,False,,,True,7,,undocumented_active,False,False,False,False,False,sigill
0x7a00000f,15,,False,,False,,,True,3,0x0000000f,undocumented_active,False,False,False,False,False,none
0x7a000027,39,,False,,False,,,True,7,,undocumented_active,False,False,False,False,False,sigill
0x7a00100f,15,,False,,False,,,True,3,0x0000100f,undocumented_active,False,False,False,False,False,none
0x7a00400b,11,,False,,False,,,True,3,,undocumented_active,False,False,False,False,False,sigsegv
0x7a005027,39,,False,,False,,,True,3,,undocumented_active,False,False,False,False,False,sigill
0x7a006027,39,,False,,False,,,True,3,,undocumented_active,False,False,False,False,False,sigill
0x7a007007,7,,False,,False,,,True,3,,undocumented_active,False,False,False,False,False,sigill
0x7a007027,39,,False,,False,,,True,7,,undocumented_active,False,False,False,False,False,sigill
0x7c00000f,15,,False,,False,,,True,3,0x0000000f,undocumented_active,False,False,False,False,False,none
0x7c000027,39,,False,,False,,,True,6,,undocumented_active,False,False,False,False,False,sigill
0x7c00100f,15,,False,,False,,,True,3,0x0000100f,undocumented_active,False,False,False,False,False,none
0x7c00400b,11,,False,,False,,,True,3,,undocumented_active,False,False,False,False,False,sigsegv
0x7c005027,39,,False,,False,,,True,3,,undocumented_active,False,False,False,False,False,sigill
0x7c006027,39,,False,,False,,,True,3,,undocumented_active,False,False,False,False,False,sigill
0x7c007007,7,,False,,False,,,True,3,,undocumented_active,False,False,False,False,False,sigill
0x7c007027,39,,False,,False,,,True,6,,undocumented_active,False,False,False,False,False,sigill
0x7e00000f,15,,False,,False,,,True,3,0x0000000f,undocumented_active,False,False,False,False,False,none
0x7e000027,39,,False,,False,,,True,6,,undocumented_active,False,False,False,False,False,sigill
0x7e00100f,15,,False,,False,,,True,3,0x0000100f,undocumented_active,False,False,False,False,False,none
0x7e00400b,11,,False,,False,,,True,3,,undocumented_active,False,False,False,False,False,sigsegv
0x7e005027,39,,False,,False,,,True,3,,undocumented_active,False,False,False,False,False,sigill
0x7e006027,39,,False,,False,,,True,3,,undocumented_active,False,False,False,False,False,sigill
0x7e007007,7,,False,,False,,,True,3,,undocumented_active,False,False,False,False,False,sigill
0x7e007027,39,,False,,False,,,True,6,,undocumented_active,False,False,False,False,False,sigill
0x8000000f,15,,False,,False,,,True,3,0x0000000f,undocumented_active,False,False,False,False,False,none
0x8000100f,15,,False,,False,,,True,3,0x0000100f,undocumented_active,False,False,False,False,False,none
0x8000602f,47,,False,,False,th.vamominw.v,xtheadzvamo,True,3,,undocumented_active,False,False,False,False,False,sigill
0x8000702f,47,,False,,False,th.vamomind.v,xtheadzvamo,True,3,,undocumented_active,False,False,False,False,False,sigill
0x8200000f,15,,False,,False,,,True,3,0x0000000f,undocumented_active,False,False,False,False,False,none
0x8200100f,15,,False,,False,,,True,3,0x0000100f,undocumented_active,False,False,False,False,False,none
0x8200602f,47,,False,,False,th.vamominw.v,xtheadzvamo,True,3,,undocumented_active,False,False,False,False,False,sigill
0x8200702f,47,,False,,False,th.vamomind.v,xtheadzvamo,True,3,,undocumented_active,False,False,False,False,False,sigill
0x8400000f,15,,False,,False,,,True,3,0x0000000f,undocumented_active,False,False,False,False,False,none
0x8400100f,15,,False,,False,,,True,3,0x0000100f,undocumented_active,False,False,False,False,False,none
0x8400602f,47,,False,,False,th.vamominw.v,xtheadzvamo,True,3,,undocumented_active,False,False,False,False,False,sigill
0x8400702f,47,,False,,False,th.vamomind.v,xtheadzvamo,True,3,,undocumented_active,False,False,False,False,False,sigill
0x8600000f,15,,False,,False,,,True,3,0x0000000f,undocumented_active,False,False,False,False,False,none
0x8600100f,15,,False,,False,,,True,3,0x0000100f,undocumented_active,False,False,False,False,False,none
0x8600602f,47,,False,,False,th.vamominw.v,xtheadzvamo,True,3,,undocumented_active,False,False,False,False,False,sigill
0x8600702f,47,,False,,False,th.vamomind.v,xtheadzvamo,True,3,,undocumented_active,False,False,False,False,False,sigill
0x8800000f,15,,False,,False,,,True,3,0x0000000f,undocumented_active,False,False,False,False,False,none
0x8800100f,15,,False,,False,,,True,3,0x0000100f,undocumented_active,False,False,False,False,False,none
0x8800400b,11,,False,,False,,,True,3,,undocumented_active,False,False,False,False,False,sigsegv
0x8a00000f,15,,False,,False,,,True,3,0x0000000f,undocumented_active,False,False,False,False,False,none
0x8a00100f,15,,False,,False,,,True,3,0x0000100f,undocumented_active,False,False,False,False,False,none
0x8a00400b,11,,False,,False,,,True,3,,undocumented_active,False,False,False,False,False,sigsegv
0x8c00000f,15,,False,,False,,,True,3,0x0000000f,undocumented_active,False,False,False,False,False,none
0x8c00100f,15,,False,,False,,,True,3,0x0000100f,undocumented_active,False,False,False,False,False,none
0x8c00400b,11,,False,,False,,,True,3,,undocumented_active,False,False,False,False,False,sigsegv
0x8e00000f,15,,False,,False,,,True,3,0x0000000f,undocumented_active,False,False,False,False,False,none
0x8e00100f,15,,False,,False,,,True,3,0x0000100f,undocumented_active,False,False,False,False,False,none
0x8e00400b,11,,False,,False,,,True,3,,undocumented_active,False,False,False,False,False,sigsegv
0x9000000f,15,,False,,False,,,True,3,0x0000000f,undocumented_active,False,False,False,False,False,none
0x90000027,39,,False,,False,,,True,7,,undocumented_active,False,False,False,False,False,sigill
0x9000100f,15,,False,,False,,,True,3,0x0000100f,undocumented_active,False,False,False,False,False,none
0x90005027,39,,False,,False,,,True,3,,undocumented_active,False,False,False,False,False,sigill
0x90006027,39,,False,,False,,,True,3,,undocumented_active,False,False,False,False,False,sigill
0x90007007,7,,False,,False,,,True,3,,undocumented_active,False,False,False,False,False,sigill
0x90007027,39,,False,,False,,,True,7,,undocumented_active,False,False,False,False,False,sigill
0x9200000f,15,,False,,False,,,True,3,0x0000000f,undocumented_active,False,False,False,False,False,none
0x92000027,39,,False,,False,,,True,7,,undocumented_active,False,False,False,False,False,sigill
0x9200100f,15,,False,,False,,,True,3,0x0000100f,undocumented_active,False,False,False,False,False,none
0x92005027,39,,False,,False,,,True,3,,undocumented_active,False,False,False,False,False,sigill
0x92006027,39,,False,,False,,,True,3,,undocumented_active,False,False,False,False,False,sigill
0x92007007,7,,False,,False,,,True,3,,undocumented_active,False,False,False,False,False,sigill
0x92007027,39,,False,,False,,,True,7,,undocumented_active,False,False,False,False,False,sigill
0x9400000f,15,,False,,False,,,True,3,0x0000000f,undocumented_active,False,False,False,False,False,none
0x9400100f,15,,False,,False,,,True,3,0x0000100f,undocumented_active,False,False,False,False,False,none
0x9600000f,15,,False,,False,,,True,3,0x0000000f,undocumented_active,False,False,False,False,False,none
0x9600100f,15,,False,,False,,,True,3,0x0000100f,undocumented_active,False,False,False,False,False,none
0x9800000f,15,,False,,False,,,True,3,0x0000000f,undocumented_active,False,False,False,False,False,none
0x98000027,39,,False,,False,,,True,7,,undocumented_active,False,False,False,False,False,sigill
0x9800100f,15,,False,,False,,,True,3,0x0000100f,undocumented_active,False,False,False,False,False,none
0x9800400b,11,,False,,False,,,True,3,,undocumented_active,False,False,False,False,False,sigsegv
0x98005027,39,,False,,False,,,True,3,,undocumented_active,False,False,False,False,False,sigill
0x98006027,39,,False,,False,,,True,3,,undocumented_active,False,False,False,False,False,sigill
0x98007007,7,,False,,False,,,True,3,,undocumented_active,False,False,False,False,False,sigill
0x98007027,39,,False,,False,,,True,7,,undocumented_active,False,False,False,False,False,sigill
0x9a00000f,15,,False,,False,,,True,3,0x0000000f,undocumented_active,False,False,False,False,False,none
0x9a000027,39,,False,,False,,,True,7,,undocumented_active,False,False,False,False,False,sigill
0x9a00100f,15,,False,,False,,,True,3,0x0000100f,undocumented_active,False,False,False,False,False,none
0x9a00400b,11,,False,,False,,,True,3,,undocumented_active,False,False,False,False,False,sigsegv
0x9a005027,39,,False,,False,,,True,3,,undocumented_active,False,False,False,False,False,sigill
0x9a006027,39,,False,,False,,,True,3,,undocumented_active,False,False,False,False,False,sigill
0x9a007007,7,,False,,False,,,True,3,,undocumented_active,False,False,False,False,False,sigill
0x9a007027,39,,False,,False,,,True,7,,undocumented_active,False,False,False,False,False,sigill
0x9c00000f,15,,False,,False,,,True,3,0x0000000f,undocumented_active,False,False,False,False,False,none
0x9c000027,39,,False,,False,,,True,6,,undocumented_active,False,False,False,False,False,sigill
0x9c00100f,15,,False,,False,,,True,3,0x0000100f,undocumented_active,False,False,False,False,False,none
0x9c00400b,11,,False,,False,,,True,3,,undocumented_active,False,False,False,False,False,sigsegv
0x9c005027,39,,False,,False,,,True,3,,undocumented_active,False,False,False,False,False,sigill
0x9c006027,39,,False,,False,,,True,3,,undocumented_active,False,False,False,False,False,sigill
0x9c007007,7,,False,,False,,,True,3,,undocumented_active,False,False,False,False,False,sigill
0x9c007027,39,,False,,False,,,True,6,,undocumented_active,False,False,False,False,False,sigill
0x9e00000f,15,,False,,False,,,True,3,0x0000000f,undocumented_active,False,False,False,False,False,none
0x9e000027,39,,False,,False,,,True,6,,undocumented_active,False,False,False,False,False,sigill
0x9e00100f,15,,False,,False,,,True,3,0x0000100f,undocumented_active,False,False,False,False,False,none
0x9e00400b,11,,False,,False,,,True,3,,undocumented_active,False,False,False,False,False,sigsegv
0x9e005027,39,,False,,False,,,True,3,,undocumented_active,False,False,False,False,False,sigill
0x9e006027,39,,False,,False,,,True,3,,undocumented_active,False,False,False,False,False,sigill
0x9e007007,7,,False,,False,,,True,3,,undocumented_active,False,False,False,False,False,sigill
0x9e007027,39,,False,,False,,,True,6,,undocumented_active,False,False,False,False,False,sigill
0xa000000f,15,,False,,False,,,True,3,0x0000000f,undocumented_active,False,False,False,False,False,none
0xa000100f,15,,False,,False,,,True,3,0x0000100f,undocumented_active,False,False,False,False,False,none
0xa000602f,47,,False,,False,th.vamomaxw.v,xtheadzvamo,True,3,,undocumented_active,False,False,False,False,False,sigill
0xa000702f,47,,False,,False,th.vamomaxd.v,xtheadzvamo,True,3,,undocumented_active,False,False,False,False,False,sigill
0xa200000f,15,,False,,False,,,True,3,0x0000000f,undocumented_active,False,False,False,False,False,none
0xa200100f,15,,False,,False,,,True,3,0x0000100f,undocumented_active,False,False,False,False,False,none
0xa200602f,47,,False,,False,th.vamomaxw.v,xtheadzvamo,True,3,,undocumented_active,False,False,False,False,False,sigill
0xa200702f,47,,False,,False,th.vamomaxd.v,xtheadzvamo,True,3,,undocumented_active,False,False,False,False,False,sigill
0xa400000f,15,,False,,False,,,True,3,0x0000000f,undocumented_active,False,False,False,False,False,none
0xa400100f,15,,False,,False,,,True,3,0x0000100f,undocumented_active,False,False,False,False,False,none
0xa400602f,47,,False,,False,th.vamomaxw.v,xtheadzvamo,True,3,,undocumented_active,False,False,False,False,False,sigill
0xa400702f,47,,False,,False,th.vamomaxd.v,xtheadzvamo,True,3,,undocumented_active,False,False,False,False,False,sigill
0xa600000f,15,,False,,False,,,True,3,0x0000000f,undocumented_active,False,False,False,False,False,none
0xa600100f,15,,False,,False,,,True,3,0x0000100f,undocumented_active,False,False,False,False,False,none
0xa600602f,47,,False,,False,th.vamomaxw.v,xtheadzvamo,True,3,,undocumented_active,False,False,False,False,False,sigill
0xa600702f,47,,False,,False,th.vamomaxd.v,xtheadzvamo,True,3,,undocumented_active,False,False,False,False,False,sigill
0xa800000f,15,,False,,False,,,True,3,0x0000000f,undocumented_active,False,False,False,False,False,none
0xa800100f,15,,False,,False,,,True,3,0x0000100f,undocumented_active,False,False,False,False,False,none
0xa800400b,11,,False,,False,,,True,3,,undocumented_active,False,False,False,False,False,sigsegv
0xaa00000f,15,,False,,False,,,True,3,0x0000000f,undocumented_active,False,False,False,False,False,none
0xaa00100f,15,,False,,False,,,True,3,0x0000100f,undocumented_active,False,False,False,False,False,none
0xaa00400b,11,,False,,False,,,True,3,,undocumented_active,False,False,False,False,False,sigsegv
0xac00000f,15,,False,,False,,,True,3,0x0000000f,undocumented_active,False,False,False,False,False,none
0xac00100f,15,,False,,False,,,True,3,0x0000100f,undocumented_active,False,False,False,False,False,none
0xac00400b,11,,False,,False,,,True,3,,undocumented_active,False,False,False,False,False,sigsegv
0xae00000f,15,,False,,False,,,True,3,0x0000000f,undocumented_active,False,False,False,False,False,none
0xae00100f,15,,False,,False,,,True,3,0x0000100f,undocumented_active,False,False,False,False,False,none
0xae00400b,11,,False,,False,,,True,3,,undocumented_active,False,False,False,False,False,sigsegv
0xb000000f,15,,False,,False,,,True,3,0x0000000f,undocumented_active,False,False,False,False,False,none
0xb0000027,39,,False,,False,,,True,7,,undocumented_active,False,False,False,False,False,sigill
0xb000100f,15,,False,,False,,,True,3,0x0000100f,undocumented_active,False,False,False,False,False,none
0xb0005027,39,,False,,False,,,True,3,,undocumented_active,False,False,False,False,False,sigill
0xb0006027,39,,False,,False,,,True,3,,undocumented_active,False,False,False,False,False,sigill
0xb0007007,7,,False,,False,,,True,3,,undocumented_active,False,False,False,False,False,sigill
0xb0007027,39,,False,,False,,,True,7,,undocumented_active,False,False,False,False,False,sigill
0xb200000f,15,,False,,False,,,True,3,0x0000000f,undocumented_active,False,False,False,False,False,none
0xb2000027,39,,False,,False,,,True,7,,undocumented_active,False,False,False,False,False,sigill
0xb200100f,15,,False,,False,,,True,3,0x0000100f,undocumented_active,False,False,False,False,False,none
0xb2005027,39,,False,,False,,,True,3,,undocumented_active,False,False,False,False,False,sigill
0xb2006027,39,,False,,False,,,True,3,,undocumented_active,False,False,False,False,False,sigill
0xb2007007,7,,False,,False,,,True,3,,undocumented_active,False,False,False,False,False,sigill
0xb2007027,39,,False,,False,,,True,7,,undocumented_active,False,False,False,False,False,sigill
0xb400000f,15,,False,,False,,,True,3,0x0000000f,undocumented_active,False,False,False,False,False,none
0xb400100f,15,,False,,False,,,True,3,0x0000100f,undocumented_active,False,False,False,False,False,none
0xb600000f,15,,False,,False,,,True,3,0x0000000f,undocumented_active,False,False,False,False,False,none
0xb600100f,15,,False,,False,,,True,3,0x0000100f,undocumented_active,False,False,False,False,False,none
0xb800000f,15,,False,,False,,,True,3,0x0000000f,undocumented_active,False,False,False,False,False,none
0xb8000027,39,,False,,False,,,True,7,,undocumented_active,False,False,False,False,False,sigill
0xb800100f,15,,False,,False,,,True,3,0x0000100f,undocumented_active,False,False,False,False,False,none
0xb800400b,11,,False,,False,,,True,3,,undocumented_active,False,False,False,False,False,sigsegv
0xb8005027,39,,False,,False,,,True,3,,undocumented_active,False,False,False,False,False,sigill
0xb8006027,39,,False,,False,,,True,3,,undocumented_active,False,False,False,False,False,sigill
0xb8007007,7,,False,,False,,,True,3,,undocumented_active,False,False,False,False,False,sigill
0xb8007027,39,,False,,False,,,True,7,,undocumented_active,False,False,False,False,False,sigill
0xba00000f,15,,False,,False,,,True,3,0x0000000f,undocumented_active,False,False,False,False,False,none
0xba000027,39,,False,,False,,,True,7,,undocumented_active,False,False,False,False,False,sigill
0xba00100f,15,,False,,False,,,True,3,0x0000100f,undocumented_active,False,False,False,False,False,none
0xba00400b,11,,False,,False,,,True,3,,undocumented_active,False,False,False,False,False,sigsegv
0xba005027,39,,False,,False,,,True,3,,undocumented_active,False,False,False,False,False,sigill
0xba006027,39,,False,,False,,,True,3,,undocumented_active,False,False,False,False,False,sigill
0xba007007,7,,False,,False,,,True,3,,undocumented_active,False,False,False,False,False,sigill
0xba007027,39,,False,,False,,,True,7,,undocumented_active,False,False,False,False,False,sigill
0xbc00000f,15,,False,,False,,,True,3,0x0000000f,undocumented_active,False,False,False,False,False,none
0xbc000027,39,,False,,False,,,True,6,,undocumented_active,False,False,False,False,False,sigill
0xbc00100f,15,,False,,False,,,True,3,0x0000100f,undocumented_active,False,False,False,False,False,none
0xbc00400b,11,,False,,False,,,True,3,,undocumented_active,False,False,False,False,False,sigsegv
0xbc005027,39,,False,,False,,,True,3,,undocumented_active,False,False,False,False,False,sigill
0xbc006027,39,,False,,False,,,True,3,,undocumented_active,False,False,False,False,False,sigill
0xbc007007,7,,False,,False,,,True,3,,undocumented_active,False,False,False,False,False,sigill
0xbc007027,39,,False,,False,,,True,6,,undocumented_active,False,False,False,False,False,sigill
0xbe00000f,15,,False,,False,,,True,3,0x0000000f,undocumented_active,False,False,False,False,False,none
0xbe000027,39,,False,,False,,,True,6,,undocumented_active,False,False,False,False,False,sigill
0xbe00100f,15,,False,,False,,,True,3,0x0000100f,undocumented_active,False,False,False,False,False,none
0xbe00400b,11,,False,,False,,,True,3,,undocumented_active,False,False,False,False,False,sigsegv
0xbe005027,39,,False,,False,,,True,3,,undocumented_active,False,False,False,False,False,sigill
0xbe006027,39,,False,,False,,,True,3,,undocumented_active,False,False,False,False,False,sigill
0xbe007007,7,,False,,False,,,True,3,,undocumented_active,False,False,False,False,False,sigill
0xbe007027,39,,False,,False,,,True,6,,undocumented_active,False,False,False,False,False,sigill
0xc000000f,15,,False,,False,,,True,3,0x0000000f,undocumented_active,False,False,False,False,False,none
0xc000100f,15,,False,,False,,,True,3,0x0000100f,undocumented_active,False,False,False,False,False,none
0xc000602f,47,,False,,False,th.vamominuw.v,xtheadzvamo,True,3,,undocumented_active,False,False,False,False,False,sigill
0xc000702f,47,,False,,False,th.vamominud.v,xtheadzvamo,True,3,,undocumented_active,False,False,False,False,False,sigill
0xc200000f,15,,False,,False,,,True,3,0x0000000f,undocumented_active,False,False,False,False,False,none
0xc200100f,15,,False,,False,,,True,3,0x0000100f,undocumented_active,False,False,False,False,False,none
0xc200602f,47,,False,,False,th.vamominuw.v,xtheadzvamo,True,3,,undocumented_active,False,False,False,False,False,sigill
0xc200702f,47,,False,,False,th.vamominud.v,xtheadzvamo,True,3,,undocumented_active,False,False,False,False,False,sigill
0xc400000f,15,,False,,False,,,True,3,0x0000000f,undocumented_active,False,False,False,False,False,none
0xc400100f,15,,False,,False,,,True,3,0x0000100f,undocumented_active,False,False,False,False,False,none
0xc400602f,47,,False,,False,th.vamominuw.v,xtheadzvamo,True,3,,undocumented_active,False,False,False,False,False,sigill
0xc400702f,47,,False,,False,th.vamominud.v,xtheadzvamo,True,3,,undocumented_active,False,False,False,False,False,sigill
0xc600000f,15,,False,,False,,,True,3,0x0000000f,undocumented_active,False,False,False,False,False,none
0xc6000053,83,,False,,False,,,True,1,,undocumented_active,False,False,False,False,False,sigill
0xc600100f,15,,False,,False,,,True,3,0x0000100f,undocumented_active,False,False,False,False,False,none
0xc6001053,83,,False,,False,,,True,1,,undocumented_active,False,False,False,False,False,sigill
0xc6002053,83,,False,,False,,,True,1,,undocumented_active,False,False,False,False,False,sigill
0xc6003053,83,,False,,False,,,True,1,,undocumented_active,False,False,False,False,False,sigill
0xc6004053,83,,False,,False,,,True,1,,undocumented_active,False,False,False,False,False,sigill
0xc600602f,47,,False,,False,th.vamominuw.v,xtheadzvamo,True,3,,undocumented_active,False,False,False,False,False,sigill
0xc600702f,47,,False,,False,th.vamominud.v,xtheadzvamo,True,3,,undocumented_active,False,False,False,False,False,sigill
0xc6007053,83,,False,,False,,,True,1,,undocumented_active,False,False,False,False,False,sigill
0xc800000f,15,,False,,False,,,True,3,0x0000000f,undocumented_active,False,False,False,False,False,none
0xc800100f,15,,False,,False,,,True,3,0x0000100f,undocumented_active,False,False,False,False,False,none
0xc800400b,11,,False,,False,,,True,3,,undocumented_active,False,False,False,False,False,sigsegv
0xca00000f,15,,False,,False,,,True,3,0x0000000f,undocumented_active,False,False,False,False,False,none
0xca00100f,15,,False,,False,,,True,3,0x0000100f,undocumented_active,False,False,False,False,False,none
0xca00400b,11,,False,,False,,,True,3,,undocumented_active,False,False,False,False,False,sigsegv
0xcc00000f,15,,False,,False,,,True,3,0x0000000f,undocumented_active,False,False,False,False,False,none
0xcc00100f,15,,False,,False,,,True,3,0x0000100f,undocumented_active,False,False,False,False,False,none
0xcc00400b,11,,False,,False,,,True,3,,undocumented_active,False,False,False,False,False,sigsegv
0xce00000f,15,,False,,False,,,True,3,0x0000000f,undocumented_active,False,False,False,False,False,none
0xce00100f,15,,False,,False,,,True,3,0x0000100f,undocumented_active,False,False,False,False,False,none
0xce00400b,11,,False,,False,,,True,3,,undocumented_active,False,False,False,False,False,sigsegv
0xd000000f,15,,False,,False,,,True,3,0x0000000f,undocumented_active,False,False,False,False,False,none
0xd0000027,39,,False,,False,,,True,7,,undocumented_active,False,False,False,False,False,sigill
0xd000100f,15,,False,,False,,,True,3,0x0000100f,undocumented_active,False,False,False,False,False,none
0xd0005027,39,,False,,False,,,True,3,,undocumented_active,False,False,False,False,False,sigill
0xd0006027,39,,False,,False,,,True,3,,undocumented_active,False,False,False,False,False,sigill
0xd0007007,7,,False,,False,,,True,3,,undocumented_active,False,False,False,False,False,sigill
0xd0007027,39,,False,,False,,,True,7,,undocumented_active,False,False,False,False,False,sigill
0xd200000f,15,,False,,False,,,True,3,0x0000000f,undocumented_active,False,False,False,False,False,none
0xd2000027,39,,False,,False,,,True,7,,undocumented_active,False,False,False,False,False,sigill
0xd200100f,15,,False,,False,,,True,3,0x0000100f,undocumented_active,False,False,False,False,False,none
0xd2001053,83,,False,,False,,,True,2,,undocumented_active,False,False,False,False,False,none
0xd2002053,83,,False,,False,,,True,2,,undocumented_active,False,False,False,False,False,none
0xd2003053,83,,False,,False,,,True,2,,undocumented_active,False,False,False,False,False,none
0xd2004053,83,,False,,False,,,True,2,,undocumented_active,False,False,False,False,False,none
0xd2005027,39,,False,,False,,,True,3,,undocumented_active,False,False,False,False,False,sigill
0xd2006027,39,,False,,False,,,True,3,,undocumented_active,False,False,False,False,False,sigill
0xd2007007,7,,False,,False,,,True,3,,undocumented_active,False,False,False,False,False,sigill
0xd2007027,39,,False,,False,,,True,7,,undocumented_active,False,False,False,False,False,sigill
0xd2007053,83,,False,,False,,,True,2,,undocumented_active,False,False,False,False,False,none
0xd400000f,15,,False,,False,,,True,3,0x0000000f,undocumented_active,False,False,False,False,False,none
0xd400100f,15,,False,,False,,,True,3,0x0000100f,undocumented_active,False,False,False,False,False,none
0xd600000f,15,,False,,False,,,True,3,0x0000000f,undocumented_active,False,False,False,False,False,none
0xd6000053,83,,False,,False,,,True,1,,undocumented_active,False,False,False,False,False,sigill
0xd600100f,15,,False,,False,,,True,3,0x0000100f,undocumented_active,False,False,False,False,False,none
0xd6001053,83,,False,,False,,,True,1,,undocumented_active,False,False,False,False,False,sigill
0xd6002053,83,,False,,False,,,True,1,,undocumented_active,False,False,False,False,False,sigill
0xd6003053,83,,False,,False,,,True,1,,undocumented_active,False,False,False,False,False,sigill
0xd6004053,83,,False,,False,,,True,1,,undocumented_active,False,False,False,False,False,sigill
0xd6007053,83,,False,,False,,,True,1,,undocumented_active,False,False,False,False,False,sigill
0xd800000f,15,,False,,False,,,True,3,0x0000000f,undocumented_active,False,False,False,False,False,none
0xd8000027,39,,False,,False,,,True,6,,undocumented_active,False,False,False,False,False,sigill
0xd800100f,15,,False,,False,,,True,3,0x0000100f,undocumented_active,False,False,False,False,False,none
0xd800400b,11,,False,,False,,,True,3,,undocumented_active,False,False,False,False,False,sigsegv
0xd8005027,39,,False,,False,,,True,3,,undocumented_active,False,False,False,False,False,sigill
0xd8006027,39,,False,,False,,,True,3,,undocumented_active,False,False,False,False,False,sigill
0xd8007007,7,,False,,False,,,True,3,,undocumented_active,False,False,False,False,False,sigill
0xd8007027,39,,False,,False,,,True,6,,undocumented_active,False,False,False,False,False,sigill
0xda00000f,15,,False,,False,,,True,3,0x0000000f,undocumented_active,False,False,False,False,False,none
0xda000027,39,,False,,False,,,True,6,,undocumented_active,False,False,False,False,False,sigill
0xda00100f,15,,False,,False,,,True,3,0x0000100f,undocumented_active,False,False,False,False,False,none
0xda00400b,11,,False,,False,,,True,3,,undocumented_active,False,False,False,False,False,sigsegv
0xda005027,39,,False,,False,,,True,3,,undocumented_active,False,False,False,False,False,sigill
0xda006027,39,,False,,False,,,True,3,,undocumented_active,False,False,False,False,False,sigill
0xda007007,7,,False,,False,,,True,3,,undocumented_active,False,False,False,False,False,sigill
0xda007027,39,,False,,False,,,True,6,,undocumented_active,False,False,False,False,False,sigill
0xdc00000f,15,,False,,False,,,True,3,0x0000000f,undocumented_active,False,False,False,False,False,none
0xdc000027,39,,False,,False,,,True,6,,undocumented_active,False,False,False,False,False,sigill
0xdc00100f,15,,False,,False,,,True,3,0x0000100f,undocumented_active,False,False,False,False,False,none
0xdc00400b,11,,False,,False,,,True,3,,undocumented_active,False,False,False,False,False,sigsegv
0xdc005027,39,,False,,False,,,True,3,,undocumented_active,False,False,False,False,False,sigill
0xdc006027,39,,False,,False,,,True,3,,undocumented_active,False,False,False,False,False,sigill
0xdc007007,7,,False,,False,,,True,3,,undocumented_active,False,False,False,False,False,sigill
0xdc007027,39,,False,,False,,,True,6,,undocumented_active,False,False,False,False,False,sigill
0xde00000f,15,,False,,False,,,True,3,0x0000000f,undocumented_active,False,False,False,False,False,none
0xde000027,39,,False,,False,,,True,6,,undocumented_active,False,False,False,False,False,sigill
0xde00100f,15,,False,,False,,,True,3,0x0000100f,undocumented_active,False,False,False,False,False,none
0xde00400b,11,,False,,False,,,True,3,,undocumented_active,False,False,False,False,False,sigsegv
0xde005027,39,,False,,False,,,True,3,,undocumented_active,False,False,False,False,False,sigill
0xde006027,39,,False,,False,,,True,3,,undocumented_active,False,False,False,False,False,sigill
0xde007007,7,,False,,False,,,True,3,,undocumented_active,False,False,False,False,False,sigill
0xde007027,39,,False,,False,,,True,6,,undocumented_active,False,False,False,False,False,sigill
0xe000000f,15,,False,,False,,,True,3,0x0000000f,undocumented_active,False,False,False,False,False,none
0xe000100f,15,,False,,False,,,True,3,0x0000100f,undocumented_active,False,False,False,False,False,none
0xe000400b,11,,False,,False,,,True,2,,undocumented_active,False,False,False,False,False,sigsegv
0xe000602f,47,,False,,False,th.vamomaxuw.v,xtheadzvamo,True,3,,undocumented_active,False,False,False,False,False,sigill
0xe000702f,47,,False,,False,th.vamomaxud.v,xtheadzvamo,True,3,,undocumented_active,False,False,False,False,False,sigill
0xe200000f,15,,False,,False,,,True,3,0x0000000f,undocumented_active,False,False,False,False,False,none
0xe200100f,15,,False,,False,,,True,3,0x0000100f,undocumented_active,False,False,False,False,False,none
0xe200400b,11,,False,,False,,,True,2,,undocumented_active,False,False,False,False,False,sigsegv
0xe200602f,47,,False,,False,th.vamomaxuw.v,xtheadzvamo,True,3,,undocumented_active,False,False,False,False,False,sigill
0xe200702f,47,,False,,False,th.vamomaxud.v,xtheadzvamo,True,3,,undocumented_active,False,False,False,False,False,sigill
0xe400000f,15,,False,,False,,,True,3,0x0000000f,undocumented_active,False,False,False,False,False,none
0xe400100f,15,,False,,False,,,True,3,0x0000100f,undocumented_active,False,False,False,False,False,none
0xe400400b,11,,False,,False,,,True,2,,undocumented_active,False,False,False,False,False,sigsegv
0xe400602f,47,,False,,False,th.vamomaxuw.v,xtheadzvamo,True,3,,undocumented_active,False,False,False,False,False,sigill
0xe400702f,47,,False,,False,th.vamomaxud.v,xtheadzvamo,True,3,,undocumented_active,False,False,False,False,False,sigill
0xe600000f,15,,False,,False,,,True,3,0x0000000f,undocumented_active,False,False,False,False,False,none
0xe600100f,15,,False,,False,,,True,3,0x0000100f,undocumented_active,False,False,False,False,False,none
0xe600400b,11,,False,,False,,,True,2,,undocumented_active,False,False,False,False,False,sigsegv
0xe600602f,47,,False,,False,th.vamomaxuw.v,xtheadzvamo,True,3,,undocumented_active,False,False,False,False,False,sigill
0xe600702f,47,,False,,False,th.vamomaxud.v,xtheadzvamo,True,3,,undocumented_active,False,False,False,False,False,sigill
0xe800000f,15,,False,,False,,,True,3,0x0000000f,undocumented_active,False,False,False,False,False,none
0xe800100f,15,,False,,False,,,True,3,0x0000100f,undocumented_active,False,False,False,False,False,none
0xea00000f,15,,False,,False,,,True,3,0x0000000f,undocumented_active,False,False,False,False,False,none
0xea00100f,15,,False,,False,,,True,3,0x0000100f,undocumented_active,False,False,False,False,False,none
0xec00000f,15,,False,,False,,,True,3,0x0000000f,undocumented_active,False,False,False,False,False,none
0xec00100f,15,,False,,False,,,True,3,0x0000100f,undocumented_active,False,False,False,False,False,none
0xee00000f,15,,False,,False,,,True,3,0x0000000f,undocumented_active,False,False,False,False,False,none
0xee00100f,15,,False,,False,,,True,3,0x0000100f,undocumented_active,False,False,False,False,False,none
0xf000000f,15,,False,,False,,,True,3,0x0000000f,undocumented_active,False,False,False,False,False,none
0xf0000027,39,,False,,False,,,True,7,,undocumented_active,False,False,False,False,False,sigill
0xf000100f,15,,False,,False,,,True,3,0x0000100f,undocumented_active,False,False,False,False,False,none
0xf000400b,11,,False,,False,,,True,2,,undocumented_active,False,False,False,False,False,sigsegv
0xf0005027,39,,False,,False,,,True,3,,undocumented_active,False,False,False,False,False,sigill
0xf0006027,39,,False,,False,,,True,3,,undocumented_active,False,False,False,False,False,sigill
0xf0007007,7,,False,,False,,,True,3,,undocumented_active,False,False,False,False,False,sigill
0xf0007027,39,,False,,False,,,True,7,,undocumented_active,False,False,False,False,False,sigill
0xf200000f,15,,False,,False,,,True,3,0x0000000f,undocumented_active,False,False,False,False,False,none
0xf2000027,39,,False,,False,,,True,7,,undocumented_active,False,False,False,False,False,sigill
0xf200100f,15,,False,,False,,,True,3,0x0000100f,undocumented_active,False,False,False,False,False,none
0xf200400b,11,,False,,False,,,True,2,,undocumented_active,False,False,False,False,False,sigsegv
0xf2005027,39,,False,,False,,,True,3,,undocumented_active,False,False,False,False,False,sigill
0xf2006027,39,,False,,False,,,True,3,,undocumented_active,False,False,False,False,False,sigill
0xf2007007,7,,False,,False,,,True,3,,undocumented_active,False,False,False,False,False,sigill
0xf2007027,39,,False,,False,,,True,7,,undocumented_active,False,False,False,False,False,sigill
0xf400000f,15,,False,,False,,,True,3,0x0000000f,undocumented_active,False,False,False,False,False,none
0xf400100f,15,,False,,False,,,True,3,0x0000100f,undocumented_active,False,False,False,False,False,none
0xf400400b,11,,False,,False,,,True,2,,undocumented_active,False,False,False,False,False,sigsegv
0xf600000f,15,,False,,False,,,True,3,0x0000000f,undocumented_active,False,False,False,False,False,none
0xf600100f,15,,False,,False,,,True,3,0x0000100f,undocumented_active,False,False,False,False,False,none
0xf600400b,11,,False,,False,,,True,2,,undocumented_active,False,False,False,False,False,sigsegv
0xf800000f,15,,False,,False,,,True,3,0x0000000f,undocumented_active,False,False,False,False,False,none
0xf8000027,39,,False,,False,,,True,6,,undocumented_active,False,False,False,False,False,sigill
0xf800100f,15,,False,,False,,,True,3,0x0000100f,undocumented_active,False,False,False,False,False,none
0xf800400b,11,,False,,False,,,True,2,,undocumented_active,False,False,False,False,False,sigsegv
0xf8005027,39,,False,,False,,,True,3,,undocumented_active,False,False,False,False,False,sigill
0xf8006027,39,,False,,False,,,True,3,,undocumented_active,False,False,False,False,False,sigill
0xf8007007,7,,False,,False,,,True,3,,undocumented_active,False,False,False,False,False,sigill
0xf8007027,39,,False,,False,,,True,6,,undocumented_active,False,False,False,False,False,sigill
0xfa00000f,15,,False,,False,,,True,3,0x0000000f,undocumented_active,False,False,False,False,False,none
0xfa000027,39,,False,,False,,,True,6,,undocumented_active,False,False,False,False,False,sigill
0xfa00100f,15,,False,,False,,,True,3,0x0000100f,undocumented_active,False,False,False,False,False,none
0xfa00400b,11,,False,,False,,,True,2,,undocumented_active,False,False,False,False,False,sigsegv
0xfa005027,39,,False,,False,,,True,3,,undocumented_active,False,False,False,False,False,sigill
0xfa006027,39,,False,,False,,,True,3,,undocumented_active,False,False,False,False,False,sigill
0xfa007007,7,,False,,False,,,True,3,,undocumented_active,False,False,False,False,False,sigill
0xfa007027,39,,False,,False,,,True,6,,undocumented_active,False,False,False,False,False,sigill
0xfc00000f,15,,False,,False,,,True,3,0x0000000f,undocumented_active,False,False,False,False,False,none
0xfc000027,39,,False,,False,,,True,5,,undocumented_active,False,False,False,False,False,sigill
0xfc00100f,15,,False,,False,,,True,3,0x0000100f,undocumented_active,False,False,False,False,False,none
0xfc00400b,11,,False,,False,,,True,2,,undocumented_active,False,False,False,False,False,sigsegv
0xfc005027,39,,False,,False,,,True,3,,undocumented_active,False,False,False,False,False,sigill
0xfc006027,39,,False,,False,,,True,3,,undocumented_active,False,False,False,False,False,sigill
0xfc007007,7,,False,,False,,,True,3,,undocumented_active,False,False,False,False,False,sigill
0xfc007027,39,,False,,False,,,True,5,,undocumented_active,False,False,False,False,False,sigill
0xfe00000f,15,,False,,False,,,True,3,0x0000000f,undocumented_active,False,False,False,False,False,none
0xfe000027,39,,False,,False,,,True,5,,undocumented_active,False,False,False,False,False,sigill
0xfe00100f,15,,False,,False,,,True,3,0x0000100f,undocumented_active,False,False,False,False,False,none
0xfe00400b,11,,False,,False,,,True,2,,undocumented_active,False,False,False,False,False,sigsegv
0xfe005027,39,,False,,False,,,True,3,,undocumented_active,False,False,False,False,False,sigill
0xfe006027,39,,False,,False,,,True,3,,undocumented_active,False,False,False,False,False,sigill
0xfe007007,7,,False,,False,,,True,3,,undocumented_active,False,False,False,False,False,sigill
0xfe007027,39,,False,,False,,,True,5,,undocumented_active,False,False,False,False,False,sigill
