encoding,cycles,instret,0x0001,0x0002,0x0003,0x0004,0x0005,0x0006,0x0007,0x0008,0x0009,0x000a,0x000b,0x000c,0x000d,0x000e,0x000f,0x0010,0x0011,0x0012,0x0013,0x0014,0x0015,0x0016,0x0017,0x0018,0x0019,0x001a,0x001b,0x001c,0x001d,0x001e,0x001f,0x0020,0x0021,0x0022,0x0023,0x0024,0x0025,0x0026,0x0029,0x002a
0x00000013,448,32,49,0,0,1,0,0,0,1,1,0,0,3,1,0,0,1,1,1,0,3,0,44,0,0,0,0,0,1,26,3,0,3,0,0,0,0,0,1,0,0
0x00000013,448,32,49,0,0,1,0,0,0,1,1,0,0,3,1,0,0,1,1,1,0,3,0,44,0,0,0,0,0,1,26,3,0,3,0,0,0,0,0,1,0,0
0x00000013,448,32,49,0,0,1,0,0,0,1,1,0,0,3,1,0,0,1,1,1,0,3,0,44,0,0,0,0,0,1,26,3,0,3,0,0,0,0,0,1,0,0
0x00000013,448,32,49,0,0,1,0,0,0,1,1,0,0,3,1,0,0,1,1,1,0,3,0,44,0,0,0,0,0,1,26,3,0,3,0,0,0,0,0,1,0,0
0x00000013,448,32,49,0,0,1,0,0,0,1,1,0,0,3,1,0,0,1,1,1,0,3,0,44,0,0,0,0,0,1,26,3,0,3,0,0,0,0,0,1,0,0
0x00000033,448,32,49,0,0,1,0,0,0,1,1,0,0,3,1,0,0,1,1,1,0,3,0,44,0,0,0,0,0,1,26,3,0,3,0,0,0,0,0,1,0,0
0x40000033,448,32,49,0,0,1,0,0,0,1,1,0,0,3,1,0,0,1,1,1,0,3,0,44,0,0,0,0,0,1,26,3,0,3,0,0,0,0,0,1,0,0
0x02000033,448,32,49,0,0,1,0,0,0,1,1,0,0,3,1,0,0,1,1,1,0,3,0,44,0,0,0,0,0,1,26,3,0,3,0,0,0,0,0,1,0,0
0x02004033,448,32,49,0,0,1,0,0,0,1,1,0,0,3,1,0,0,1,1,1,0,3,0,44,0,0,0,0,0,1,26,3,0,3,0,0,0,0,0,1,0,0
0x02005033,448,32,49,0,0,1,0,0,0,1,1,0,0,3,1,0,0,1,1,1,0,3,0,44,0,0,0,0,0,1,26,3,0,3,0,0,0,0,0,1,0,0
0x02006033,448,32,49,0,0,1,0,0,0,1,1,0,0,3,1,0,0,1,1,1,0,3,0,44,0,0,0,0,0,1,26,3,0,3,0,0,0,0,0,1,0,0
0x02007033,448,32,49,0,0,1,0,0,0,1,1,0,0,3,1,0,0,1,1,1,0,3,0,44,0,0,0,0,0,1,26,3,0,3,0,0,0,0,0,1,0,0
0x001080b3,448,32,49,0,0,1,0,0,0,1,1,0,0,3,1,0,0,1,1,1,0,6,0,47,0,0,0,0,0,1,26,3,0,3,0,0,0,0,0,1,0,0
0x401080b3,448,32,49,0,0,1,0,0,0,1,1,0,0,3,1,0,0,1,1,1,0,6,0,47,0,0,0,0,0,1,26,3,0,3,0,0,0,0,0,1,0,0
0x021080b3,448,32,49,0,0,1,0,0,0,1,1,0,0,3,1,0,0,1,1,1,0,6,0,47,0,0,0,0,0,1,26,3,0,3,0,0,0,0,0,1,0,0
0x021090b3,448,32,49,0,0,1,0,0,0,1,1,0,0,3,1,0,0,1,1,1,0,6,0,47,0,0,0,0,0,1,26,3,0,3,0,0,0,0,0,1,0,0
0x0210a0b3,447,32,49,0,0,1,0,0,0,1,1,0,0,3,1,0,0,1,1,1,0,6,0,47,0,0,0,0,0,1,26,3,0,3,0,0,0,0,0,1,0,0
0x0210b0b3,448,32,49,0,0,1,0,0,0,1,1,0,0,3,1,0,0,1,1,1,0,6,0,47,0,0,0,0,0,1,26,3,0,3,0,0,0,0,0,1,0,0
0x0210c0b3,448,32,49,0,0,1,0,0,0,1,1,0,0,3,1,0,0,1,1,1,0,6,0,47,0,0,0,0,0,1,26,3,0,3,0,0,0,0,0,1,0,0
0x00210133,448,32,49,0,0,1,0,0,0,1,1,0,0,3,1,0,0,1,1,1,0,3,0,44,0,0,0,0,0,1,26,3,0,3,0,0,0,0,0,1,0,0
0x40210133,447,32,49,0,0,1,0,0,0,1,1,0,0,3,1,0,0,1,1,1,0,3,0,44,0,0,0,0,0,1,26,3,0,3,0,0,0,0,0,1,0,0
0x02210133,448,32,49,0,0,1,0,0,0,1,1,0,0,3,1,0,0,1,1,1,0,3,0,44,0,0,0,0,0,1,26,3,0,3,0,0,0,0,0,1,0,0
0x02211133,448,32,49,0,0,1,0,0,0,1,1,0,0,3,1,0,0,1,1,1,0,3,0,44,0,0,0,0,0,1,26,3,0,3,0,0,0,0,0,1,0,0
0x02215133,448,32,49,0,0,1,0,0,0,1,1,0,0,3,1,0,0,1,1,1,0,3,0,44,0,0,0,0,0,1,26,3,0,3,0,0,0,0,0,1,0,0
0x02216133,447,32,49,0,0,1,0,0,0,1,1,0,0,3,1,0,0,1,1,1,0,3,0,44,0,0,0,0,0,1,26,3,0,3,0,0,0,0,0,1,0,0
0x02217133,447,32,49,0,0,1,0,0,0,1,1,0,0,3,1,0,0,1,1,1,0,3,0,44,0,0,0,0,0,1,26,3,0,3,0,0,0,0,0,1,0,0
0x00001073,448,32,48,0,0,1,0,0,0,1,1,0,0,3,1,0,0,1,1,1,0,3,0,39,0,0,0,0,0,1,22,3,0,3,0,0,0,0,0,1,0,0
0x00002073,448,32,48,0,0,1,0,0,0,1,1,0,0,3,1,0,0,1,1,1,0,3,0,39,0,0,0,0,0,1,22,3,0,3,0,0,0,0,0,1,0,0
0xc0002073,448,32,48,0,0,1,0,0,0,1,1,0,0,3,1,0,0,1,1,1,0,3,0,39,0,0,0,0,0,1,22,3,0,3,0,0,0,0,0,1,0,0
0x00000003,448,32,49,0,0,1,0,0,0,1,1,0,0,3,1,0,0,1,1,1,0,3,0,47,0,0,0,0,0,1,25,4,0,3,0,0,0,0,0,1,0,0
0x00001003,447,32,49,0,0,1,0,0,0,1,1,0,0,3,1,0,0,1,1,1,0,3,0,47,0,0,0,0,0,1,25,4,0,3,0,0,0,0,0,1,0,0
0x00002003,448,32,49,0,0,1,0,0,0,1,1,0,0,3,1,0,0,1,1,1,0,3,0,47,0,0,0,0,0,1,25,4,0,3,0,0,0,0,0,1,0,0
0x00003003,449,32,49,0,0,1,0,0,0,1,1,0,0,3,1,0,0,1,1,1,0,3,0,47,0,0,0,0,0,1,25,4,0,3,0,0,0,0,0,1,0,0
0x00000023,449,32,49,0,0,1,0,0,0,1,1,0,0,3,1,0,0,1,1,1,0,7,0,51,0,0,0,0,0,1,25,4,0,3,0,0,0,0,0,1,0,0
0x00001023,447,32,49,0,0,1,0,0,0,1,1,0,0,3,1,0,0,1,1,1,0,7,0,51,0,0,0,0,0,1,25,4,0,3,0,0,0,0,0,1,0,0
0x00002023,450,32,49,0,0,1,0,0,0,1,1,0,0,3,1,0,0,1,1,1,0,7,0,51,0,0,0,0,0,1,25,4,0,3,0,0,0,0,0,1,0,0
0x00003023,448,32,49,0,0,1,0,0,0,1,1,0,0,3,1,0,0,1,1,1,0,7,0,51,0,0,0,0,0,1,25,4,0,3,0,0,0,0,0,1,0,0
0x08000033,448,32,49,0,0,1,0,0,0,1,1,0,0,3,1,0,0,1,1,1,0,3,0,44,0,0,0,0,0,1,25,3,0,3,0,0,0,0,0,1,0,0
0x60001013,447,32,49,0,0,1,0,0,0,1,1,0,0,3,1,0,0,1,1,1,0,3,0,44,0,0,0,0,0,1,25,3,0,3,0,0,0,0,0,1,0,0
0x60000013,447,32,49,0,0,1,0,0,0,1,1,0,0,3,1,0,0,1,1,1,0,3,0,44,0,0,0,0,0,1,26,3,0,3,0,0,0,0,0,1,0,0
0x00000000,448,32,49,0,0,1,0,0,0,1,1,0,0,3,1,0,0,1,1,1,0,3,0,45,0,0,0,0,0,1,25,3,0,3,0,0,0,0,0,1,0,0
0xffffffff,448,32,49,0,0,1,0,0,0,1,1,0,0,3,1,0,0,1,1,1,0,3,0,44,0,0,0,0,0,1,25,3,0,3,0,0,0,0,0,1,0,0
0xaaaaaaaa,448,32,49,0,0,2,0,0,0,1,1,0,0,3,1,2,0,1,1,1,0,8,0,56,2,0,0,0,0,1,25,5,0,3,0,0,0,0,0,1,0,0
0x55555555,447,32,49,0,0,1,0,0,0,1,1,0,0,3,1,0,0,1,1,1,0,3,0,45,0,0,0,0,0,1,27,3,0,3,0,0,0,0,0,1,0,0
0x0000000b,448,32,49,0,0,1,0,0,0,1,1,0,0,3,1,0,0,1,1,1,0,3,0,44,0,0,0,0,0,1,25,3,0,3,0,0,0,0,0,1,0,0
0x0000100b,448,32,49,0,0,1,0,0,0,1,1,0,0,3,1,0,0,1,1,1,0,3,0,44,0,0,0,0,0,1,26,3,0,3,0,0,0,0,0,1,0,0
0x0000200b,448,32,49,0,0,1,0,0,0,1,1,0,0,3,1,0,0,1,1,1,0,3,0,44,0,0,0,0,0,1,26,3,0,3,0,0,0,0,0,1,0,0
0x0001000b,448,32,49,0,0,1,0,0,0,1,1,0,0,3,1,0,0,1,1,1,0,3,0,44,0,0,0,0,0,1,25,3,0,3,0,0,0,0,0,1,0,0
0x0002000b,449,32,49,0,0,1,0,0,0,1,1,0,0,3,1,0,0,1,1,1,0,3,0,44,0,0,0,0,0,1,25,3,0,3,0,0,0,0,0,1,0,0
0x0003000b,448,32,49,0,0,1,0,0,0,1,1,0,0,3,1,0,0,1,1,1,0,3,0,44,0,0,0,0,0,1,25,3,0,3,0,0,0,0,0,1,0,0
0x0004000b,449,32,49,0,0,1,0,0,0,1,1,0,0,3,1,0,0,1,1,1,0,3,0,44,0,0,0,0,0,1,25,3,0,3,0,0,0,0,0,1,0,0
0x0005000b,448,32,49,0,0,1,0,0,0,1,1,0,0,3,1,0,0,1,1,1,0,3,0,44,0,0,0,0,0,1,25,3,0,3,0,0,0,0,0,1,0,0
0x0006000b,448,32,49,0,0,1,0,0,0,1,1,0,0,3,1,0,0,1,1,1,0,3,0,44,0,0,0,0,0,1,25,3,0,3,0,0,0,0,0,1,0,0
0x0007000b,448,32,49,0,0,1,0,0,0,1,1,0,0,3,1,0,0,1,1,1,0,3,0,44,0,0,0,0,0,1,25,3,0,3,0,0,0,0,0,1,0,0
0x0000002b,448,32,49,0,0,1,0,0,0,1,1,0,0,3,1,0,0,1,1,1,0,3,0,44,0,0,0,0,0,1,25,3,0,3,0,0,0,0,0,1,0,0
0x0001002b,448,32,49,0,0,1,0,0,0,1,1,0,0,3,1,0,0,1,1,1,0,3,0,44,0,0,0,0,0,1,25,3,0,3,0,0,0,0,0,1,0,0
0x0002002b,448,32,49,0,0,1,0,0,0,1,1,0,0,3,1,0,0,1,1,1,0,3,0,44,0,0,0,0,0,1,25,3,0,3,0,0,0,0,0,1,0,0
0x0003002b,448,32,49,0,0,1,0,0,0,1,1,0,0,3,1,0,0,1,1,1,0,3,0,44,0,0,0,0,0,1,25,3,0,3,0,0,0,0,0,1,0,0
0x0004002b,448,32,49,0,0,1,0,0,0,1,1,0,0,3,1,0,0,1,1,1,0,3,0,44,0,0,0,0,0,1,25,3,0,3,0,0,0,0,0,1,0,0
0x0005002b,448,32,49,0,0,1,0,0,0,1,1,0,0,3,1,0,0,1,1,1,0,3,0,44,0,0,0,0,0,1,25,3,0,3,0,0,0,0,0,1,0,0
0x0006002b,450,32,49,0,0,1,0,0,0,1,1,0,0,3,1,0,0,1,1,1,0,3,0,44,0,0,0,0,0,1,25,3,0,3,0,0,0,0,0,1,0,0
0x0007002b,448,32,49,0,0,1,0,0,0,1,1,0,0,3,1,0,0,1,1,1,0,3,0,44,0,0,0,0,0,1,25,3,0,3,0,0,0,0,0,1,0,0
0x0000005b,448,32,49,0,0,1,0,0,0,1,1,0,0,3,1,0,0,1,1,1,0,3,0,44,0,0,0,0,0,1,25,3,0,3,0,0,0,0,0,1,0,0
0x0001005b,448,32,49,0,0,1,0,0,0,1,1,0,0,3,1,0,0,1,1,1,0,3,0,44,0,0,0,0,0,1,25,3,0,3,0,0,0,0,0,1,0,0
0x0002005b,448,32,49,0,0,1,0,0,0,1,1,0,0,3,1,0,0,1,1,1,0,3,0,44,0,0,0,0,0,1,25,3,0,3,0,0,0,0,0,1,0,0
0x0007005b,447,32,49,0,0,1,0,0,0,1,1,0,0,3,1,0,0,1,1,1,0,3,0,44,0,0,0,0,0,1,25,3,0,3,0,0,0,0,0,1,0,0
0x0000007b,453,32,49,0,0,1,0,0,0,1,1,0,0,3,1,0,0,1,1,1,0,3,0,44,0,0,0,0,0,1,25,3,0,3,0,0,0,0,0,1,0,0
0x0001007b,448,32,49,0,0,1,0,0,0,1,1,0,0,3,1,0,0,1,1,1,0,3,0,44,0,0,0,0,0,1,25,3,0,3,0,0,0,0,0,1,0,0
0x0002007b,448,32,49,0,0,1,0,0,0,1,1,0,0,3,1,0,0,1,1,1,0,3,0,44,0,0,0,0,0,1,25,3,0,3,0,0,0,0,0,1,0,0
0x0007007b,447,32,49,0,0,1,0,0,0,1,1,0,0,3,1,0,0,1,1,1,0,3,0,44,0,0,0,0,0,1,25,3,0,3,0,0,0,0,0,1,0,0
0x0000004f,448,32,49,0,0,1,0,0,0,1,1,0,0,3,1,0,0,1,1,1,0,3,0,44,0,0,0,0,0,1,25,3,0,3,0,0,0,0,0,1,0,1
0x0000006f,448,32,92,0,0,1,0,0,0,1,1,0,0,3,1,0,0,1,1,1,0,3,0,65,0,0,0,0,0,27,22,3,0,3,0,0,0,0,0,1,0,0
0x0000000f,448,32,49,0,0,1,0,0,0,1,1,0,0,3,1,0,0,1,1,1,0,3,0,44,0,1,0,0,0,1,25,3,0,3,1,0,0,0,0,1,350,0
0x0000008f,448,32,49,0,0,1,0,0,0,1,1,0,0,3,1,0,0,1,1,1,0,3,0,44,0,1,0,0,0,1,25,3,0,3,1,0,0,0,0,1,349,0
0x000000af,449,32,49,0,0,1,0,0,0,1,1,0,0,3,1,0,0,1,1,1,0,3,0,44,0,0,0,0,0,1,25,3,0,3,0,0,0,0,0,1,0,0
0x000000cf,448,32,49,0,0,1,0,0,0,1,1,0,0,3,1,0,0,1,1,1,0,3,0,44,0,0,0,0,0,1,25,3,0,3,0,0,0,0,0,1,0,1
0x000000ef,452,32,72,0,0,1,0,0,0,1,1,0,0,3,1,0,0,1,1,1,0,3,0,67,0,0,0,0,0,16,22,3,0,3,0,0,0,0,0,1,0,0
0x12345678,448,32,49,0,0,1,0,0,0,1,1,0,0,3,1,0,0,1,1,1,0,3,0,48,0,0,0,0,0,1,26,4,0,3,0,0,0,0,0,1,0,0
0x00000013,448,32,49,0,0,1,0,0,0,1,1,0,0,3,1,0,0,1,1,1,0,3,0,44,0,0,0,0,0,1,26,3,0,3,0,0,0,0,0,1,0,0
0x10028027,448,32,49,0,0,1,0,0,0,1,1,0,0,3,1,0,0,1,1,1,0,3,0,45,0,0,0,0,0,1,25,4,0,3,0,0,0,0,0,1,0,0
0x10000027,448,32,49,0,0,1,0,0,0,1,1,0,0,3,1,0,0,1,1,1,0,3,0,45,0,0,0,0,0,1,25,4,0,3,0,0,0,0,0,1,0,0
0x10948027,448,32,49,0,0,1,0,0,0,1,1,0,0,3,1,0,0,1,1,1,0,3,0,44,0,0,0,0,0,1,25,3,0,3,0,0,0,0,0,1,0,0
0xeeeeeeee,448,32,49,0,0,2,0,0,0,1,1,0,0,3,1,2,0,1,1,1,0,8,0,56,2,0,0,0,0,1,25,5,0,3,0,0,0,0,0,1,0,0
